"ID_TRX_BUNGA";"ID_KANTOR";"ID_PINJAMAN";"JENIS_PINJAMAN";"JANUARI";"FEBRUARI";"MARET";"APRIL";"MEI";"JUNI";"JULI";"AGUSTUS";"SEPTEMBER";"OKTOBER";"NOVEMBER";"DESEMBER"
109;1;1;KREDIT ANGSURAN TETAP (KAT);1000001;1000002;1000003;1000004;1000005;1000006;1000007;1000008;1000009;1000010;1000011;1000012
110;2;2;KREDIT POKOK TETAP (KPT);;;;;;2000001;2000002;2000003;2000004;2000005;2000006;2000007
111;3;3;KREDIT TETAP KARYAWAN (KTK);3000001;3000002;3000003;3000004;3000005;3000006;3000007;3000008;3000009;3000010;3000011;3000012
112;1;8;KREDIT ANGSURAN TETAP KHALIFAH ( KATK );4000001;4000002;4000003;4000004;4000005;4000006;4000007;4000008;4000009;4000010;4000011;4000012
113;2;12;KREDIT LINKAGE ANGSURAN TETAP (KAT);5000001;5000002;5000003;5000004;5000005;5000006;5000007;5000008;5000009;5000010;5000011;5000012
114;3;23;KREDIT TNI/POLRI;6000001;6000002;6000003;6000004;6000005;6000006;6000007;6000008;6000009;6000010;6000011;6000012
115;1;24;KREDIT KOPi 2;7000001;7000002;7000003;7000004;7000005;7000006;7000007;7000008;7000009;7000010;7000011;7000012
116;2;25;KREDIT SERTIFIKASI/TUKIN KARYAWAN;8000001;8000002;8000003;8000004;8000005;8000006;8000007;8000008;8000009;8000010;8000011;8000012
117;3;1;KREDIT ANGSURAN TETAP (KAT);9000001;9000002;9000003;9000004;9000005;9000006;9000007;9000008;9000009;9000010;9000011;9000012
118;1;3;KREDIT TETAP KARYAWAN (KTK);100001;100002;100003;100004;100005;100006;100007;100008;100009;100010;100011;100012
119;2;8;KREDIT ANGSURAN TETAP KHALIFAH ( KATK );200001;200002;200003;200004;200005;200006;200007;200008;200009;200010;200011;200012
120;3;12;KREDIT LINKAGE ANGSURAN TETAP (KAT);300001;300002;300003;300004;300005;300006;300007;300008;300009;300010;300011;300012
121;1;19;KREDIT FINTECH ANGSURAN TETAP (KAT);400001;400002;400003;;;;;;;;;
122;2;22;KREDIT FINTECH POKOK TETAP (KPT);500001;500002;;;;;;;;;;
123;3;23;KREDIT TNI/POLRI;600001;600002;600003;600004;600005;600006;600007;600008;600009;600010;600011;600012
124;1;24;KREDIT KOPi 2;700001;700002;700003;700004;700005;700006;700007;700008;700009;700010;700011;700012
125;2;25;KREDIT SERTIFIKASI/TUKIN KARYAWAN;;;;;;;;;;;;1125000
126;3;1;KREDIT ANGSURAN TETAP (KAT);800001;800002;800003;800004;800005;800006;800007;800008;800009;800010;800011;800012
127;1;2;KREDIT POKOK TETAP (KPT);393750;1801870;1018750;;;;;;;;;
128;2;3;KREDIT TETAP KARYAWAN (KTK);900001;900002;900003;900004;900005;900006;900007;900008;900009;900010;900011;900012
129;3;8;KREDIT ANGSURAN TETAP KHALIFAH ( KATK );10000001;10000002;10000003;10000004;10000005;10000006;10000007;10000008;10000009;10000010;10000011;10000012
130;1;12;KREDIT LINKAGE ANGSURAN TETAP (KAT);11000001;11000002;11000003;11000004;11000005;11000006;11000007;11000008;11000009;11000010;11000011;11000012
131;2;23;KREDIT TNI/POLRI;12000001;12000002;12000003;12000004;12000005;12000006;12000007;12000008;12000009;12000010;12000011;12000012
132;3;24;KREDIT KOPi 2;13000001;13000002;13000003;13000004;13000005;13000006;13000007;13000008;13000009;13000010;13000011;13000012
133;1;25;KREDIT SERTIFIKASI/TUKIN KARYAWAN;14000001;14000002;14000003;14000004;14000005;14000006;14000007;14000008;14000009;14000010;14000011;14000012
134;2;1;KREDIT ANGSURAN TETAP (KAT);15000001;15000002;15000003;15000004;15000005;15000006;15000007;15000008;15000009;15000010;15000011;15000012
135;3;2;KREDIT POKOK TETAP (KPT);4429287;5549989;4565206;7899709;5930076;5552689;2080929;9469644;;9301839;;
136;1;3;KREDIT TETAP KARYAWAN (KTK);4257342;8997333;2392815;190377;8181465;9948714;6550998;1014510;9683116;6104324;8800634;8633703
137;2;6;KREDIT SINDIKASI ANGSURAN TETAP (KAT);8062900;8185605;5002801;7174106;6739281;3133067;7970974;;9061568;3134093;2442311;4866847
138;3;7;KREDIT SINDIKASI POKOK TETAP (KPT);5355302;4380264;1453396;3082171;1948692;7267096;7695410;7446266;7936954;6441899;5211230;9495735
139;1;8;KREDIT ANGSURAN TETAP KHALIFAH ( KATK );3513255;8554176;226889;2621601;4057222;4318718;3257912;9615946;3430529;2812547;6410616;616472
140;2;9;KREDIT POKOK TETAP KHALIFAH ( KPTK );;;;;;;;;;;;
141;3;24;KREDIT KOPi 2;2659128;6073906;2447369;1481140;6095988;4948273;6509615;134378;4727421;7985850;5097832;3972490
142;1;25;KREDIT SERTIFIKASI/TUKIN KARYAWAN;9484077;3203496;8948957;1108113;9182962;7676430;3177327;2478261;1035230;5857495;1043214;9375892
143;2;1;KREDIT ANGSURAN TETAP (KAT);7754109;7604423;1802536;7532329;9715708;1147772;3823108;5605878;5830681;2463084;9489875;7550453
144;3;3;KREDIT TETAP KARYAWAN (KTK);6554609;1172711;1186750;2527303;2249372;2708031;1613960;524201;8951009;9849312;3009500;8470749
145;1;8;KREDIT ANGSURAN TETAP KHALIFAH ( KATK );318558;297883;;532287;;;233661;1086500;;1046298;1660493;802512
146;2;24;KREDIT KOPi 2;3285560;6077160;6480482;3164622;7102092;3179102;6837217;4616453;5241118;6239501;6294376;8542332
147;3;25;KREDIT SERTIFIKASI/TUKIN KARYAWAN;2568441;8872430;2619066;7081937;5188230;118050;6999441;7408733;4763582;423266;6273761;6809135
148;1;1;KREDIT ANGSURAN TETAP (KAT);1594508;4965892;662796;2311067;7536205;4085892;8067560;8901868;9854130;2262616;3739219;2581980
149;2;3;KREDIT TETAP KARYAWAN (KTK);1017587;4729100;7963659;5013379;3511932;5885958;9194794;6882154;9911842;7994430;5529162;7887263
150;3;5;KREDIT TANPA POTONGAN ( KTP );;;7756410;9281947;4184678;;;5945815;1323285;;3181968;
151;1;8;KREDIT ANGSURAN TETAP KHALIFAH ( KATK );7780066;839059;4511971;6192279;1114935;8909427;7445410;3313141;2258746;8101792;8731401;1113639
152;2;9;KREDIT POKOK TETAP KHALIFAH ( KPTK );;;;;;;;;;;;
153;3;12;KREDIT LINKAGE ANGSURAN TETAP (KAT);3692312;3294210;2847199;2857770;2071617;1671717;1252246;842104;422638;6097606;7627574;3484551
154;1;24;KREDIT KOPi 2;6867488;9448366;2117639;3181177;8481280;4301185;198036;3061472;1411520;5404074;7100206;9349336
155;2;25;KREDIT SERTIFIKASI/TUKIN KARYAWAN;4315922;587468;676065;9951228;1995551;1922327;2989996;601808;4246755;2101494;2909172;6223397
156;3;1;KREDIT ANGSURAN TETAP (KAT);3514028;9964733;1645309;6536751;7369773;5877689;1585877;3036202;1159505;2424220;3489867;7036627
157;1;3;KREDIT TETAP KARYAWAN (KTK);7728752;3874566;6603979;9411437;914727;8437919;619030;8506516;2689652;5271193;3144254;4412196
158;2;8;KREDIT ANGSURAN TETAP KHALIFAH ( KATK );1292007;2550197;2536135;3161573;9167611;9089056;6226942;7053390;1074884;80167;2588361;6174747
159;3;24;KREDIT KOPi 2;6321109;4164137;5123684;4724229;5213974;5038359;6399946;6884899;9547878;8607143;9625731;9085817
160;1;25;KREDIT SERTIFIKASI/TUKIN KARYAWAN;6696448;8210464;7787477;7505333;2221304;807659;9110431;6643235;3819779;3356652;7807287;6989667
161;2;1;KREDIT ANGSURAN TETAP (KAT);4265698;9893899;6117079;330804;9742091;6352180;2437448;7955124;3824969;5005753;8028927;6935370
162;3;3;KREDIT TETAP KARYAWAN (KTK);1067673;6537027;4622421;6488328;2238507;4478185;95625;1850054;4156052;3382157;8842834;4099900
163;1;5;KREDIT TANPA POTONGAN ( KTP );8400790;1122085;6876169;1661538;4997313;4242280;9791575;2508407;4886158;3347774;4269735;8287431
164;2;8;KREDIT ANGSURAN TETAP KHALIFAH ( KATK );81953;4402869;7852629;7642481;340294;8969710;9464850;8078460;383937;3590549;7308396;3160477
165;3;9;KREDIT POKOK TETAP KHALIFAH ( KPTK );;;;;;;;;;;;
166;1;23;KREDIT TNI/POLRI;2828768;4616703;746966;2572556;4257046;5667689;2420843;5917803;7414318;665976;8335873;7698563
167;2;24;KREDIT KOPi 2;7760343;7170760;330031;6308154;2800074;8284136;925908;7394851;2037848;4302152;6507590;9708856
168;3;25;KREDIT SERTIFIKASI/TUKIN KARYAWAN;8049294;8958662;7872307;3218385;7543355;7733891;3757577;1797673;1754803;4779461;7771979;7961619
169;1;1;KREDIT ANGSURAN TETAP (KAT);1702262;9723671;805181;3413049;6037889;5159432;3930490;4499613;1774578;3123807;9612121;5299432
170;2;3;KREDIT TETAP KARYAWAN (KTK);5418389;9315555;1637616;956056;3273053;10694;4163964;489682;7429919;6897918;9409117;833517
171;3;8;KREDIT ANGSURAN TETAP KHALIFAH ( KATK );8854056;5969619;7157480;2896632;6919597;2078813;2381490;9819674;7391746;4003919;2506094;4826584
172;1;9;KREDIT POKOK TETAP KHALIFAH ( KPTK );;;;;;;;;;;;15966663
173;2;14;KREDIT UMROH KAT;9289037;829044;7677269;4352247;2686077;114696;1180569;8127540;797351;3059957;5293989;1671770
174;3;23;KREDIT TNI/POLRI;6832055;4660163;9758510;8536113;403150;7012641;715581;6769364;1436242;9444527;246727;6782864
175;1;24;KREDIT KOPi 2;5025028;4759591;6757691;5266955;6932788;5375014;1455036;8395639;3976996;9808805;2612098;3375132
176;2;25;KREDIT SERTIFIKASI/TUKIN KARYAWAN;8053895;4931581;6758701;4166085;6968374;2157492;8913761;6696074;4581939;1615404;4175526;3787631
177;3;1;KREDIT ANGSURAN TETAP (KAT);2030224;8431462;7130100;9935587;2364981;7412068;338703;8388330;9069252;5917545;5406519;6841985
178;1;3;KREDIT TETAP KARYAWAN (KTK);297285;4073935;7836357;3586499;3535453;5546039;4373438;6539400;8898076;6552662;2307826;2926458
179;2;8;KREDIT ANGSURAN TETAP KHALIFAH ( KATK );128674;8533336;9656040;7520133;2477491;8809965;7411237;3244249;5900310;8657912;8015858;9145773
180;3;9;KREDIT POKOK TETAP KHALIFAH ( KPTK );;;;;;;;;;;;
181;1;24;KREDIT KOPi 2;5324422;5437065;996954;7084999;5809309;634154;7473366;8138027;6785074;7062656;5227596;5007133
182;2;25;KREDIT SERTIFIKASI/TUKIN KARYAWAN;7940833;8089400;7955022;4351106;5077158;8068493;743800;1223016;9959401;1016263;1811192;9818600
183;3;1;KREDIT ANGSURAN TETAP (KAT);6808776;4627842;8175447;1897102;5868713;2511001;1000979;6444806;9956073;4899340;7776635;2197196
184;1;3;KREDIT TETAP KARYAWAN (KTK);2168800;4587840;3697758;8290271;599976;9789207;7356794;6260331;4072366;9422698;2339770;8910997
185;2;8;KREDIT ANGSURAN TETAP KHALIFAH ( KATK );6110314;2537953;3497435;8209077;404633;4894410;7599258;5072796;3558240;8606186;2276900;4239599
186;3;9;KREDIT POKOK TETAP KHALIFAH ( KPTK );;;;;;;;;;;;
187;1;23;KREDIT TNI/POLRI;3558168;8773364;6240687;5771417;1488662;7696992;1442915;779028;4382266;918888;4328439;3687506
188;2;24;KREDIT KOPi 2;1077257;8225763;3058646;3253106;7344142;9515806;3023692;9411116;1785020;8431448;5273257;1877389
189;3;25;KREDIT SERTIFIKASI/TUKIN KARYAWAN;798712;6706260;8035044;6432218;6634860;8556858;4685860;8614958;1018640;807422;8825745;7705594
190;1;1;KREDIT ANGSURAN TETAP (KAT);9292131;2805804;3465307;4411426;8133829;1079075;9408902;4499980;5326583;3432454;2817511;3983288
191;2;3;KREDIT TETAP KARYAWAN (KTK);1882463;9569612;9594400;8329819;4600071;6163166;507184;2341293;5644337;314040;5519101;9475874
192;3;5;KREDIT TANPA POTONGAN ( KTP );8103299;9663834;6838051;5980539;7257071;9539963;3181414;6066225;2376374;9027294;41476;3145950
193;1;8;KREDIT ANGSURAN TETAP KHALIFAH ( KATK );779606;3010597;5672665;1471925;2752011;2879519;6168253;3953405;2676004;5831776;3439218;5328405
194;2;24;KREDIT KOPi 2;5748797;9180013;8761692;5499148;3635650;2991685;1296484;1168430;9058115;9358864;3540140;3651675
195;3;25;KREDIT SERTIFIKASI/TUKIN KARYAWAN;2149616;4009668;8214227;6031894;7048872;1031753;209797;8949208;9011894;3139769;3680884;7027389
196;1;1;KREDIT ANGSURAN TETAP (KAT);7980856;3947710;788367;4083455;1709966;8463350;5977751;6905333;6838948;9450570;8868280;1771239
197;2;3;KREDIT TETAP KARYAWAN (KTK);2749308;2275185;2921199;9015604;7947306;3971026;2167345;7772603;6657890;4194888;670889;1545577
198;3;8;KREDIT ANGSURAN TETAP KHALIFAH ( KATK );7731644;76624;4922733;9753182;7723610;8853315;1890564;2442590;6796129;3921614;9506127;
199;1;24;KREDIT KOPi 2;8971297;2771470;6299097;594004;9012471;3958712;3267501;3597243;7650032;53152;2597208;355407
200;2;25;KREDIT SERTIFIKASI/TUKIN KARYAWAN;5064754;7740028;5071953;3913293;3007018;7173938;5064240;3956229;1667461;9354893;6757386;1846515
201;3;1;KREDIT ANGSURAN TETAP (KAT);1062068;4914875;3780650;3456081;3490819;9876652;5967360;9989283;6145337;3338960;7046437;4973789
202;1;2;KREDIT POKOK TETAP (KPT);3008702;3923182;8937636;63803;43307;2279800;2897118;8669732;4024953;4712728;2657019;8709947
203;2;3;KREDIT TETAP KARYAWAN (KTK);3247095;4624081;9416567;2282930;5203655;1181801;620273;9589274;3218437;7863070;1645125;4774999
204;3;6;KREDIT SINDIKASI ANGSURAN TETAP (KAT);4812854;8281150;3350670;3956371;1645727;6624793;352960;5033018;3950102;9760731;5668638;1606717
205;1;7;KREDIT SINDIKASI POKOK TETAP (KPT);4500653;2721108;3620383;9552444;9928552;591729;1422964;6510464;5232777;504229;2722615;2983565
206;2;8;KREDIT ANGSURAN TETAP KHALIFAH ( KATK );661371;2470719;9208604;62593;5562191;2470280;9190378;755755;8274618;3401726;3325082;8222068
207;3;12;KREDIT LINKAGE ANGSURAN TETAP (KAT);2427966;6285389;1461163;;;;;;;;;
208;1;19;KREDIT FINTECH ANGSURAN TETAP (KAT);5344156;798164;2506317;6148224;865692;2906449;9906116;1547112;165175;2439471;9479375;
209;2;23;KREDIT TNI/POLRI;7427948;3309275;6801784;73267;2987292;3313147;4347653;1602237;7214843;4216382;5610235;2146786
210;3;24;KREDIT KOPi 2;1554720;5742437;2444119;4867024;5518112;8771481;1194731;4824912;5735998;5789730;487989;598951
211;1;1;KREDIT ANGSURAN TETAP (KAT);4583803;5923259;8392927;5483892;4769057;8375327;4709880;9984056;309864;4741448;2034026;1213881
212;2;3;KREDIT TETAP KARYAWAN (KTK);736573;2181985;6584261;4387008;1257590;2499011;4326837;1721327;8930775;9096875;1128763;4727539
213;3;8;KREDIT ANGSURAN TETAP KHALIFAH ( KATK );;;;;;;;;;;;102083
214;1;23;KREDIT TNI/POLRI;2534989;5984969;9758153;7654320;5200970;3667566;2931391;5044110;7529323;8683569;2707330;5671508
215;2;24;KREDIT KOPi 2;9613036;6341375;3445847;3715856;266332;9549721;7382839;3600211;167532;5470519;5476049;9516945
216;3;25;KREDIT SERTIFIKASI/TUKIN KARYAWAN;735032;1642302;7957843;1346182;3241868;8580093;1991939;1249038;8848079;690265;8050523;8705890
