KODE_KANTOR;KODE_JENIS_PINJAM;KETERANGAN_JENIS_PINJAM;JANUARI;FEBRUARI;MARET;APRIL;MEI;JUNI;JULI;AGUSTUS;SEPTEMBER;OKTOBER;NOVEMBER;DESEMBER
1;1;KREDIT ANGSURAN TETAP (KAT);384.183.989;389.588.976;393.459.573;428.033.713;351.876.517;437.435.140;390.096.428;392.457.676;395.542.782;406.616.338;418.277.693;425.357.869
1;2;KREDIT POKOK TETAP (KPT);;;;;;1.894.444;1.833.333;1.894.444;1.894.444;6.816.666;6.854.444;8.338.333
1;3;KREDIT TETAP KARYAWAN (KTK);31.157.087;30.884.685;30.086.300;30.246.946;28.575.958;32.768.761;31.556.990;31.902.303;31.315.387;30.981.408;29.465.500;28.905.529
1;8;KREDIT ANGSURAN TETAP KHALIFAH ( KATK );1.566.478;1.509.830;1.564.278;1.281.652;1.258.858;1.235.682;1.212.120;1.188.166;1.163.812;1.139.052;1.113.880;1.088.288
1;12;KREDIT LINKAGE ANGSURAN TETAP (KAT);62.596.258;104.651.273;62.475.912;104.361.033;100.860.248;63.139.696;78.198.399;84.159.474;44.778.750;82.995.350;79.348.622;75.676.783
1;23;KREDIT TNI/POLRI;261.006.409;224.886.447;221.253.267;326.477.959;269.083.501;240.967.338;235.008.970;290.292.382;281.584.911;217.890.106;244.455.459;234.923.724
1;24;KREDIT KOPi 2;31.287.338;32.901.581;63.783.748;27.071.370;46.467.500;46.445.513;52.163.583;51.291.740;63.428.869;56.240.487;61.162.660;69.733.672
1;25;KREDIT SERTIFIKASI/TUKIN KARYAWAN;3.822.984;3.102.823;5.277.679;1.909.678;1.432.500;2.999.597;3.326.250;5.655.387;3.575.675;4.053.375;4.714.919;10.482.367
2;1;KREDIT ANGSURAN TETAP (KAT);461.419.873;429.109.399;458.784.200;471.365.148;454.467.148;440.191.680;441.733.254;422.917.886;447.084.747;439.447.276;408.209.855;407.294.607
2;3;KREDIT TETAP KARYAWAN (KTK);5.113.916;6.027.308;6.239.515;6.010.826;6.197.020;5.827.709;5.977.061;6.234.802;5.849.577;5.526.326;5.501.444;5.403.762
2;8;KREDIT ANGSURAN TETAP KHALIFAH ( KATK );901.465;1.189.214;958.753;1.036.407;878.815;887.460;839.790;839.880;722.285;790.527;678.974;857.972
2;12;KREDIT LINKAGE ANGSURAN TETAP (KAT);21.983.916;22.077.557;12.053.751;19.244.846;17.687.813;18.982.140;13.808.783;16.932.768;15.359.785;10.467.517;8.895.431;8.286.153
2;19;KREDIT FINTECH ANGSURAN TETAP (KAT);1.727.279;144.945;486.166;;;;;;;;;
2;22;KREDIT FINTECH POKOK TETAP (KPT);39.375.000;23.750.000;;;;;;;;;;
2;23;KREDIT TNI/POLRI;26.418.360;21.528.744;18.121.548;30.661.874;31.295.630;24.248.017;7.342.451;20.927.032;8.817.886;8.424.862;6.906.425;8.614.197
2;24;KREDIT KOPi 2;57.644.355;56.076.387;88.057.126;57.653.255;66.259.750;71.659.919;84.674.750;72.131.315;78.323.109;94.086.515;83.967.475;111.218.041
2;25;KREDIT SERTIFIKASI/TUKIN KARYAWAN;;;;;;;;;;;;1.125.000
3;1;KREDIT ANGSURAN TETAP (KAT);239.007.917;259.356.062;278.879.854;269.441.569;249.817.704;249.959.371;217.671.908;218.607.899;226.969.998;243.372.937;221.709.939;208.253.561
3;2;KREDIT POKOK TETAP (KPT);6.393.750;18.018.750;18.018.750;;;;;;;;;
3;3;KREDIT TETAP KARYAWAN (KTK);2.577.649;2.567.312;2.242.792;2.517.558;2.359.968;2.467.223;3.624.148;3.721.213;3.687.901;4.290.174;3.595.972;3439240
3;8;KREDIT ANGSURAN TETAP KHALIFAH ( KATK );307.803;2.301.646;561.700;527.726;493.173;458.031;422.292;385.943;348.971;311.376;294.344;277.014
3;12;KREDIT LINKAGE ANGSURAN TETAP (KAT);3.349.319;6.448.252;1.419.103;4.577.600;3.147.439;2.674.160;2.118.874;15.197.439;2.338.289;1.838.849;13.079.311;1.648.156
3;23;KREDIT TNI/POLRI;218.868.135;211.638.956;219.481.757;206.077.181;237.273.967;207.267.118;214.321.185;190.949.049;184.061.853;186.712.270;166.840.818;163.575.619
3;24;KREDIT KOPi 2;55.354.291;50.564.122;105.367.499;50.842.090;105.619.586;84.399.865;103.318.709;122.161.347;131.765.828;141.750.808;152.515.743;164.021.840
3;25;KREDIT SERTIFIKASI/TUKIN KARYAWAN;2.043.548;1.579.032;6.750.000;1.617.742;1.610.000;1.367.742;2.785.000;3.475.000;11.184.139;5.225.028;3.836.978;9.768.919
4;1;KREDIT ANGSURAN TETAP (KAT);268.375.480;257.416.044;271.295.627;288.980.191;263.000.452;305.178.865;279.980.674;271.961.070;264.834.509;268.095.351;240.234.583;252.339.354
4;2;KREDIT POKOK TETAP (KPT);13.616.664;9.472.220;11.103.373;7.749.999;2.250.000;1.833.333;4.275.000;2.250.000;;2.250.000;;
4;3;KREDIT TETAP KARYAWAN (KTK);3.727.361;5.447.968;5.355.110;5.330.741;3.948.447;6.962.141;8.482.523;5.540.674;5.477.773;5.403.657;5.350.869;5.276.601
4;6;KREDIT SINDIKASI ANGSURAN TETAP (KAT);6.931.431;4.120.222;4.864.621;2.327.012;9.710.298;2.181.272;11.585.599;;6.667.359;4.313.307;206.072.242;3.496.559
4;7;KREDIT SINDIKASI POKOK TETAP (KPT);3.789.775;3.473.963;3.158.150;611.255;3.158.150;3.158.150;3.158.150;3.158.150;611.255;1.894.900;1.894.900;1.263.275
4;8;KREDIT ANGSURAN TETAP KHALIFAH ( KATK );13.494.643;15.826.333;15.046.518;16.009.025;16.472.078;14.799.276;14.332.796;14.268.534;15.422.820;14.266.499;12.474.221;12.492.289
4;9;KREDIT POKOK TETAP KHALIFAH ( KPTK );;;;;;;;;;;;
4;24;KREDIT KOPi 2;160.109.123;147.788.954;137.827.859;180.798.329;188.148.276;196.446.876;198.218.524;249.345.575;236.315.703;262.979.272;280.866.102;327.399.174
4;25;KREDIT SERTIFIKASI/TUKIN KARYAWAN;5.096.238;6.291.668;13.944.792;6.212.742;9.210.973;7.204.354;10.028.330;10.105.403;12.112.551;16.519.244;12.056.630;14.056.111
5;1;KREDIT ANGSURAN TETAP (KAT);226.121.349;228.891.870;243.135.404;248.428.529;241.399.779;241.078.496;250.650.761;234.145.948;226.693.338;266.974.524;223.577.060;221.704.107
5;3;KREDIT TETAP KARYAWAN (KTK);2.142.412;2.110.499;1.932.440;2.050.984;3.265.971;3.346.331;3.225.758;4.020.407;3.161.567;3.047.869;3.069.565;2.956.817
5;8;KREDIT ANGSURAN TETAP KHALIFAH ( KATK );318.558;297.883;;532.287;;;233.661;1.086.500;;1.046.298;1.660.493;802.512
5;24;KREDIT KOPi 2;28.711.989;51.133.198;48.003.186;30.900.592;41.584.097;43.964.752;65.456.628;56.234.453;69.982.262;90.530.236;85.145.972;82.755.703
5;25;KREDIT SERTIFIKASI/TUKIN KARYAWAN;1.925.000;5.431.451;2.710.804;2.654.139;4.401.554;7.123.843;11.365.720;18.508.074;6.392.993;8.743.538;8.538.152;12.770.487
6;1;KREDIT ANGSURAN TETAP (KAT);78.202.616;82.838.093;58.995.198;55.345.096;54.911.132;44.648.142;46.891.124;43.348.737;41.824.581;47.190.463;295.202.436;38.902.643
6;3;KREDIT TETAP KARYAWAN (KTK);1.316.388;1.283.512;1.148.989;1.482.961;1.420.539;1.418.967;1.023.888;1.026.387;999.271;944.145;1.166.229;1.106.322
6;5;KREDIT TANPA POTONGAN ( KTP );;;287.275;158.293;404.192;;;128.244;232.742;;406.916;
6;8;KREDIT ANGSURAN TETAP KHALIFAH ( KATK );11.127.600;11.027.614;11.324.413;12.357.531;9.893.385;11.904.282;12.574.098;12.068.668;12.454.179;10.658.827;13.461.359;16.399.236
6;9;KREDIT POKOK TETAP KHALIFAH ( KPTK );;;;;;;;;;;;
6;12;KREDIT LINKAGE ANGSURAN TETAP (KAT);3.692.312;3.294.210;2.847.199;2.857.770;2.071.617;1.671.717;1.252.246;842.104;422.638;17.500.000;13.226.580;12.776.521
6;24;KREDIT KOPi 2;214.883.397;236.691.916;277.238.279;174.433.194;320.752.961;254.806.416;317.312.427;306.644.481;334.285.203;328.891.735;357.628.586;427.308.095
6;25;KREDIT SERTIFIKASI/TUKIN KARYAWAN;1.250.000;1.250.000;1.400.000;1.600.000;1.413.333;1.419.355;1.507.083;1.528.226;1.528.226;1.507.083;1.708.871;1.343.750
7;1;KREDIT ANGSURAN TETAP (KAT);161.607.546;166.688.321;203.837.963;170.005.618;166.036.345;170.225.457;185.823.374;179.712.994;176.485.655;165.920.215;163.453.132;162.956.994
7;3;KREDIT TETAP KARYAWAN (KTK);3.210.401;3.066.227;2.970.138;2.958.385;2.898.415;3.435.618;3.032.759;3.159.407;3.104.965;3.314.360;3.281.508;3.194.487
7;8;KREDIT ANGSURAN TETAP KHALIFAH ( KATK );2.485.118;1.584.650;3.071.879;2.939.991;2.305.314;5.639.754;3.438.132;3.338.088;3.234.933;2.612.725;2.554.740;3.151.843
7;24;KREDIT KOPi 2;186.508.433;203.989.214;391.661.511;147.318.227;244.606.557;247.473.721;273.186.807;293.770.827;340.922.447;322.593.138;363.255.245;343.423.927
7;25;KREDIT SERTIFIKASI/TUKIN KARYAWAN;84.848.593;105.652.645;115.761.643;78.426.452;79.902.948;116.558.421;149.294.149;99.855.905;127.919.338;156.352.356;117.259.025;115.705.735
8;1;KREDIT ANGSURAN TETAP (KAT);78.939.055;72.671.954;81.057.623;73.612.069;57.903.780;85.780.854;83.927.603;61.864.477;76.281.713;69.300.352;67.069.377;71.330.328
8;3;KREDIT TETAP KARYAWAN (KTK);5.562.719;6.432.538;8.397.078;7.116.658;8.804.241;8.079.127;7.979.824;9.134.109;7.638.302;8.703.492;7.326.458;7.246.813
8;5;KREDIT TANPA POTONGAN ( KTP );18.012.048;17.721.852;18.953.061;19.275.292;15.874.256;13.475.705;10.176.236;13.670.038;10.135.636;13.159.649;6.265.666;8.044.440
8;8;KREDIT ANGSURAN TETAP KHALIFAH ( KATK );3.766.192;3.650.541;2.377.577;3.185.752;2.221.020;3.339.250;3.216.000;2.821.728;2.796.789;2.741.586;2.531.296;2.431.009
8;9;KREDIT POKOK TETAP KHALIFAH ( KPTK );;;;;;;;;;;;
8;23;KREDIT TNI/POLRI;1.637.846;3.199.101;3.181.159;3.163.053;9.391.501;1.546.629;1.539.969;1.533.248;;1.526.465;1.519.620;1.512.712
8;24;KREDIT KOPi 2;607.505.061;596.856.722;601.104.197;535.815.968;566.399.466;610.996.210;621.419.913;598.781.980;573.793.612;620.238.494;510.529.051;656.077.435
8;25;KREDIT SERTIFIKASI/TUKIN KARYAWAN;10.448.630;15.171.561;25.895.299;11.544.033;10.189.999;22.005.754;12.316.387;9.693.791;10.087.285;10.928.748;13.224.248;15.582.584
9;1;KREDIT ANGSURAN TETAP (KAT);66.950.634;38.229.150;41.008.929;38.756.303;34.664.278;35.460.010;29.375.433;36.202.695;40.605.415;36.634.101;38.680.107;22.809.999
9;3;KREDIT TETAP KARYAWAN (KTK);2.578.413;2.525.172;2.410.603;2.417.751;2.341.008;2.309.074;2.232.898;2.199.124;2.143.669;2.068.358;2.031.786;1.957.059
9;8;KREDIT ANGSURAN TETAP KHALIFAH ( KATK );31.324.530;34.031.834;35.801.833;32.821.966;30.586.993;40.289.245;38.197.827;41.791.086;45.197.713;50.858.912;42.361.978;37.806.551
9;9;KREDIT POKOK TETAP KHALIFAH ( KPTK );;;;;;;;;;;;15.966.663
9;14;KREDIT UMROH KAT;1.654.461;1.834.370;1.746.144;1.655.713;1.717.007;1.314.022;1.370.625;1.270.806;1.222.373;1.036.994;928.847;845.939
9;23;KREDIT TNI/POLRI;702.318.493;736.411.419;706.200.195;688.470.757;687.357.556;670.884.548;662.881.818;674.190.137;675.668.823;635.958.968;670.306.127;645.311.995
9;24;KREDIT KOPi 2;222.052.734;191.926.533;216.171.104;150.281.554;154.423.253;210.254.604;196.954.444;181.833.631;230.577.686;219.536.773;186.565.199;235.426.389
9;25;KREDIT SERTIFIKASI/TUKIN KARYAWAN;3.000.000;3.000.000;3.000.000;1.500.000;1.500.000;3.000.000;2.600.000;2.612.903;2.612.903;1.400.000;4.500.000;2.600.000
10;1;KREDIT ANGSURAN TETAP (KAT);261.708.881;264.824.180;268.684.868;282.464.528;299.480.281;299.375.615;310.274.639;303.835.231;302.485.839;297.815.649;295.916.554;305.686.491
10;3;KREDIT TETAP KARYAWAN (KTK);4.147.044;4.103.442;5.092.394;5.406.262;5.337.461;5.310.752;6.583.872;6.548.040;6.695.674;6.611.724;6.579.594;6.481.551
10;8;KREDIT ANGSURAN TETAP KHALIFAH ( KATK );11.095.241;9.832.846;8.791.271;10.324.733;10.237.281;14.709.661;13.366.601;12.017.400;12.794.503;11.543.658;16.654.024;12.527.327
10;9;KREDIT POKOK TETAP KHALIFAH ( KPTK );;;;;;;;;;;;
10;24;KREDIT KOPi 2;7.164.356;14.220.486;19.422.946;9.661.212;10.714.084;10.443.632;9.977.084;13.363.739;24.075.910;23.673.464;28.011.517;25.637.390
10;25;KREDIT SERTIFIKASI/TUKIN KARYAWAN;2.750.000;;2.741.071;1.782.258;1.570.834;854.839;7.244.719;7.340.834;4.824.205;17.358.121;8.338.477;7.294.996
11;1;KREDIT ANGSURAN TETAP (KAT);188.475.966;189.259.892;181.457.901;222.028.111;201.484.978;203.021.505;203.020.958;203.121.644;212.665.956;231.129.764;206.008.610;271.642.206
11;3;KREDIT TETAP KARYAWAN (KTK);8.411.835;8.347.905;7.018.788;7.033.217;8.812.904;7.455.656;7.375.975;7.354.876;5.480.895;7.235.748;6.394.222;7.133.558
11;8;KREDIT ANGSURAN TETAP KHALIFAH ( KATK );3.372.544;2.620.312;3.888.307;2.870.920;8.132.073;6.715.254;9.489.668;9.074.319;9.829.459;8.707.270;7.955.437;11.108.936
11;9;KREDIT POKOK TETAP KHALIFAH ( KPTK );;;;;;;;;;;;
11;23;KREDIT TNI/POLRI;20.997.462;20.941.476;18.311.184;42.342.635;20.255.088;21.886.897;17.978.246;22.216.975;20.828.388;44.241.477;14.643.267;13.015.646
11;24;KREDIT KOPi 2;33.161.223;41.965.255;31.231.935;37.056.014;42.673.915;37.840.941;31.862.416;43.246.075;45.834.821;41.049.781;39.646.477;39.355.992
11;25;KREDIT SERTIFIKASI/TUKIN KARYAWAN;3.281.181;12.413.278;13.181.547;17.685.753;13.775.611;18.998.198;28.409.277;27.219.758;23.396.416;23.795.780;24.206.012;22.452.901
12;1;KREDIT ANGSURAN TETAP (KAT);283.140.816;293.756.221;300.119.751;322.544.039;322.235.846;314.861.600;318.999.721;291.343.357;328.496.953;330.699.386;358.253.345;347.061.412
12;3;KREDIT TETAP KARYAWAN (KTK);3.627.153;3.608.744;3.687.544;3.481.260;3.464.768;3.649.089;2.769.400;2.869.240;2.818.089;2.714.770;2.731.958;2.620.531
12;5;KREDIT TANPA POTONGAN ( KTP );5.235.744;4.347.007;3.560.546;4.701.114;5.129.319;4.470.118;6.545.664;7.203.303;8.943.751;7.147.148;6.663.500;4.881.477
12;8;KREDIT ANGSURAN TETAP KHALIFAH ( KATK );4.860.591;2.999.015;2.950.040;2.900.227;2.849.567;2.798.043;2.745.638;2.645.201;2.985.960;2.923.729;3.242.656;2.790.909
12;24;KREDIT KOPi 2;3.803.314;5.190.895;5.557.750;4.829.040;7.996.917;7.666.728;8.034.834;9.902.320;6.541.289;7.147.069;7.800.150;10.515.132
12;25;KREDIT SERTIFIKASI/TUKIN KARYAWAN;4.852.580;15.139.516;5.297.857;4.267.096;10.386.667;4.891.290;11.110.000;7.051.290;9.928.169;7.893.810;11.487.448;9.436.824
13;1;KREDIT ANGSURAN TETAP (KAT);187.148.522;184.081.757;174.214.002;172.365.756;158.636.289;150.591.787;163.614.253;138.472.027;139.405.863;145.654.327;119.024.730;10.515.132
13;3;KREDIT TETAP KARYAWAN (KTK);3.267.549;4.161.952;4.086.382;4.850.693;6.727.121;5.878.984;6.231.568;5.260.069;5.198.909;5.134.491;5.075.510;9.436.824
13;8;KREDIT ANGSURAN TETAP KHALIFAH ( KATK );536.771;474.096;229.094;608.058;175.040;509.469;118.895;317.274;231.318;91.132;129.495;
13;24;KREDIT KOPi 2;70.139.189;101.125.509;85.810.359;93.050.687;127.740.088;150.820.901;153.540.089;150.599.671;178.320.475;192.382.528;214.583.908;213.195.619
13;25;KREDIT SERTIFIKASI/TUKIN KARYAWAN;4.080.645;3.211.935;15.042.679;11.687.983;12.668.500;14.265.430;21.722.809;17.980.611;17.704.781;36.165.624;26.229.425;32.803.212
14;1;KREDIT ANGSURAN TETAP (KAT);215.173.768;153.330.819;139.610.032;163.527.716;144.590.042;142.314.982;154.306.838;144.419.064;172.194.537;143.300.249;132.325.698;130.255.949
14;2;KREDIT POKOK TETAP (KPT);76.943.750;35.068.750;32.614.583;31.795.834;36.625.000;17.394.445;16.833.333;17.394.445;17.394.445;9.233.333;17.394.445;16.833.333
14;3;KREDIT TETAP KARYAWAN (KTK);4.298.962;4.445.103;4.130.106;4.066.150;4.001.819;3.937.114;3.872.032;3.806.571;3.740.726;3.674.498;3.607.884;3.540.881
14;6;KREDIT SINDIKASI ANGSURAN TETAP (KAT);294.856.974;203.967.585;159.553.967;197.887.974;141.961.748;210.463.623;165.269.945;77.309.177;140.542.272;174.037.158;127.303.865;257.852.668
14;7;KREDIT SINDIKASI POKOK TETAP (KPT);12.697.757;174.135.231;23.567.531;28.668.503;9.376.212;22.055.140;21.779.506;11.123.673;21.147.078;19.781.491;21.383.061;21.999.310
14;8;KREDIT ANGSURAN TETAP KHALIFAH ( KATK );1.003.973;1.202.263;623.294;1.406.170;771.922;517.631;1.017.911;658.371;676.601;302.178;236.212;528.442
14;12;KREDIT LINKAGE ANGSURAN TETAP (KAT);2.648.889;1.623.765;889.915;;;;;;;;;
14;19;KREDIT FINTECH ANGSURAN TETAP (KAT);9.136.413;8.950.204;8.761.511;8.570.302;8.376.544;8.180.203;7.981.243;7.779.631;7.575.331;7.368.307;7.158.522;
14;23;KREDIT TNI/POLRI;921.920.378;285.111.142;627.826.264;91.516.722;596.607.748;126.283.789;682.963.384;401.921.867;325.448.783;409.638.393;325.860.183;127.431.703
14;24;KREDIT KOPi 2;28.295.121;33.437.903;36.672.500;42.966.695;55.137.417;54.078.744;60.294.917;59.475.686;87.441.227;101.275.558;133.956.835;184.643.624
15;1;KREDIT ANGSURAN TETAP (KAT);106.810.741;56.335.835;146.175.175;102.904.369;47.959.296;95.215.217;80.335.986;73.454.652;83.426.024;108.082.154;35.112.431;71.729.860
15;3;KREDIT TETAP KARYAWAN (KTK);4.092.321;4.049.512;4.006.454;5.654.812;4.551.680;4.506.810;3.664.197;4.490.766;3.697.983;3.646.247;3.614.079;3.516.034
15;8;KREDIT ANGSURAN TETAP KHALIFAH ( KATK );;;;;;;;;;;;102.083
15;23;KREDIT TNI/POLRI;4.389.583;1.338.760;991.262;1.249.896;1.306.889;1.048.060;940.653;732.189;814.140;707.237;525.638;779.170
15;24;KREDIT KOPi 2;556.751.263;626.608.693;608.275.903;574.822.162;625.821.517;642.772.122;689.507.156;708.806.003;750.879.751;742.422.030;734.092.460;742.518.138
15;25;KREDIT SERTIFIKASI/TUKIN KARYAWAN;14.235.333;12.342.096;27.645.667;18.587.272;15.692.835;14.759.105;20.629.909;13.325.282;21.840.456;14.769.753;12.441.458;17.255.842
